Company,Contact Name,Job Title,Email,Segment,Email 1 Sent,Email 1 Opened,Email 1 Replied,Email 2 Sent,Email 2 Opened,Email 2 Replied,Email 3 Sent,Meeting Booked,Status,Notes
,,,,,,,,,Metal Fab,,,,,,,,,
,,,,,,,,,Metal Fab,,,,,,,,,
,,,,,,,,,Metal Fab,,,,,,,,,
,,,,,,,,,Metal Fab,,,,,,,,,
,,,,,,,,,Metal Fab,,,,,,,,,
,,,,,,,,,Metal Fab,,,,,,,,,
,,,,,,,,,Metal Fab,,,,,,,,,
,,,,,,,,,Metal Fab,,,,,,,,,
,,,,,,,,,Metal Fab,,,,,,,,,
,,,,,,,,,Metal Fab,,,,,,,,,
,,,,,,,,,Metal Fab,,,,,,,,,
,,,,,,,,,Metal Fab,,,,,,,,,
,,,,,,,,,Metal Fab,,,,,,,,,
,,,,,,,,,Metal Fab,,,,,,,,,
,,,,,,,,,Metal Fab,,,,,,,,,
,,,,,,,,,Metal Fab,,,,,,,,,
,,,,,,,,,Metal Fab,,,,,,,,,
,,,,,,,,,Metal Fab,,,,,,,,,
,,,,,,,,,Metal Fab,,,,,,,,,
,,,,,,,,,Metal Fab,,,,,,,,,
,,,,,,,,,Metal Fab,,,,,,,,,
,,,,,,,,,Metal Fab,,,,,,,,,